{
    "target": "energy",
    "r2": -928.1443958244317,
    "rmse": 565.7839758755525,
    "mae": 297.9545129715588,
    "mape": 854.0992768791369,
    "n_samples": 47
}