{
    "target": "energy",
    "r2": 0.4270324765908895,
    "rmse": 14.049926116682702,
    "mae": 6.821573603488437,
    "mape": 22.61119861788223,
    "n_samples": 47
}