{
    "target": "energy",
    "r2": 0.12156790304077103,
    "rmse": 293.4080400971513,
    "mae": 92.73509926173767,
    "mape": 7.386882851726173,
    "n_samples": 47
}