target,model,r2,rmse,mae,mape,n_samples
energy,random_forest,0.5002142680726116,13.122028120331965,7.821316820088939,39.62325074291771,47
energy,catboost,0.4270324765908895,14.049926116682702,6.821573603488437,22.61119861788223,47
energy,svr,-0.20352449034764386,20.362753472196253,11.267913179911764,36.15318236240414,47
energy,xgboost,-0.48827356031239133,22.64385788485835,12.688195280731893,80.18974435737834,47
energy,linear_regression,-928.1443958244317,565.7839758755525,297.9545129715588,854.0992768791369,47
