{
    "target": "energy",
    "r2": 0.10876147207756548,
    "rmse": 295.53906070320744,
    "mae": 99.04120786166521,
    "mape": 7.281823556978482,
    "n_samples": 47
}