{
    "target": "energy",
    "r2": -0.20352449034764386,
    "rmse": 20.362753472196253,
    "mae": 11.267913179911764,
    "mape": 36.15318236240414,
    "n_samples": 47
}