{
    "target": "energy",
    "r2": -232.72790901219534,
    "rmse": 4786.005565072568,
    "mae": 2421.3984577844503,
    "mape": 278.16985862067776,
    "n_samples": 47
}