{
    "target": "energy",
    "r2": -0.48827356031239133,
    "rmse": 22.64385788485835,
    "mae": 12.688195280731893,
    "mape": 80.18974435737834,
    "n_samples": 47
}