{
    "target": "energy",
    "r2": -0.0064907118114738704,
    "rmse": 314.0673557845961,
    "mae": 154.12185594131066,
    "mape": 15.977704172362483,
    "n_samples": 47
}