{
    "target": "energy",
    "r2": 0.5002142680726116,
    "rmse": 13.122028120331965,
    "mae": 7.821316820088937,
    "mape": 39.62325074291772,
    "n_samples": 47
}