{
    "target": "energy",
    "r2": 0.0777487398090485,
    "rmse": 300.63707753631786,
    "mae": 109.8001196396278,
    "mape": 8.625733221486682,
    "n_samples": 47
}