{
    "target": "roughness",
    "r2": 0.5474691067699806,
    "rmse": 0.18894365517872638,
    "mae": 0.13991350830533295,
    "mape": 25.70436625017432,
    "n_samples": 165
}