{
    "target": "roughness",
    "r2": 0.780283999984779,
    "rmse": 0.13165550954237337,
    "mae": 0.0854976565656566,
    "mape": 14.797759240608965,
    "n_samples": 165
}