{
    "target": "roughness",
    "r2": 0.811382506175836,
    "rmse": 0.1219829638436199,
    "mae": 0.07776026746162941,
    "mape": 12.599033916956618,
    "n_samples": 165
}