{
    "target": "roughness",
    "r2": 0.8360994792369806,
    "rmse": 0.11370992235785726,
    "mae": 0.07411514487916772,
    "mape": 12.421809478995005,
    "n_samples": 165
}