{
    "target": "roughness",
    "r2": -1.104299703927531,
    "rmse": 0.4074384333926852,
    "mae": 0.29638435141104513,
    "mape": 51.55106863296304,
    "n_samples": 165
}