{
    "target": "time",
    "r2": 0.9942974434145427,
    "rmse": 1.1763441606236336,
    "mae": 0.7334239609407939,
    "mape": 6.634825643596459,
    "n_samples": 43
}