{
    "target": "time",
    "r2": 0.9341052383514888,
    "rmse": 3.998757291414719,
    "mae": 1.8791803033137366,
    "mape": 11.879211452274946,
    "n_samples": 43
}