{
    "target": "time",
    "r2": 0.31181639111450377,
    "rmse": 12.922655342249495,
    "mae": 10.453986487504357,
    "mape": 79.8294253832362,
    "n_samples": 43
}