{
    "target": "time",
    "r2": 0.9694307882058629,
    "rmse": 2.7235899296923605,
    "mae": 0.7831651901865834,
    "mape": 2.003589077418113,
    "n_samples": 43
}