{
    "target": "time",
    "r2": 0.8953154699532779,
    "rmse": 5.040119727140505,
    "mae": 3.860095950104012,
    "mape": 33.40744590370996,
    "n_samples": 43
}