energy_sec,roughness_ra,time_s
7.94492532873669,0.4616890946341734,4.344587988545618
7.94492532873669,0.4616890946341734,4.344587988545618
7.969965360384055,0.4591898163336843,4.344587988545618
